Rank,Industry,Sector,Relative Strength,Percentile,1M_RS_Percentile,3M_RS_Percentile,6M_RS_Percentile,Tickers
1,Oil & Gas Refining & Marketing,Energy,142.85,99,99,86,86,"DLXY,PBF,DINO,VLO,MPC,DK,PARR,CVI,PSX,UGP,WKC,SUN,DKL,SGU,CAPL,IEP,APC,CLNE"
2,Electronics & Computer Distribution,Technology,139.5,99,90,81,36,"IZM,NSIT,AVT,ARW,CNXN,SNX,SCSC,CLMB"
3,Semiconductor Equipment & Materials,Technology,134.72,98,98,99,99,"AXTI,AEHR,COHU,FORM,ICHR,UCTT,TER,ONTO,ACMR,LRCX,AMAT,KLIC,ASML,ENTG,VECO,KLAC,ASYS,ACLS,CAMT,AMKR,Q,TRT,INTT,ATOM,PLAB,AMBA,NVMI,IPGP,DQ,SMTK"
4,Staffing & Employment Services,Industrials,123.23,97,91,68,27,"IPDN,HQI,TBI,MAN,KELYB,KELYA,KFRC,RHI,NSP,TNET,KFY,JOB,STRRP,MHH,BGSF,STRR,BBSI,GLXG,CIRC"
5,Semiconductors,Technology,123.13,97,87,99,89,"MXL,MU,AMD,INTC,UMC,ASX,MRVL,IMOS,SIMO,SMTC,ALAB,AMBQ,ARM,TSEM,SITM,MRAM,NVEC,VSH,HIMX,LEDS,DIOD,STM,MTSI,SWKS,GCTS,QRVO,TSM,LSCC,AIP,TXN,CEVA,SLAB,ADI,PI,CRDO,QUIK,MPWR,NVTS,NVDA,SYNA,ON,VLN,MX,QCOM,WOLF,POET,MCHP,MCHPP,PXLW,RMBS,POWI,AVGO,GFS,NXPI,AOSL,IPWR,ALGM,GSIT,NA,CRUS,WKEY,LASR,INDI,FABC,ALMU,LAES,SQNS,PRSO,MOBX"
6,Diagnostics & Research,Healthcare,119.11,96,92,83,41,"CDNA,BDSX,GRAL,ILMN,PSNL,NTRA,GH,NEO,ADPT,XGN,RVTY,CRL,BNR,FRNM,CSTL,A,IQV,QUCY,TMO,WAT,NDRA,DGX,MEDP,OPK,MTD,LH,SHC,ADVB,DHR,VCYT,ICLR,BLLN,QGEN,FLGT,PRPO,RDNT,XWEL,WGS,IDXX,IMDX,MYGN,MDXH,BIAF,ISPC"
7,Lumber & Wood Production,Basic Materials,118.9,95,68,12,18,"NWGL,JCTC,WFG,BCC,SSD,UFPI"
8,Publishing,Communication Services,118.67,95,76,88,76,"TNMG,WLY,WLYB,PSO,LEE,TDAY,SCHL,EDUC,NYT"
9,Copper,Basic Materials,118.21,94,97,74,95,"TGB,ERO,SCCO,HBM,FCX,TECK,IE"
10,Computer Hardware,Technology,114.21,93,95,97,82,"SNDK,QMCO,DELL,STX,WDC,CRSR,P,UMAC,DDD,HPQ,ANET,SMCI,CRCT,VELO,TACT,YIBO,LOGI,OSS,NNDM,IONQ,UAVS,SSYS,IQMX,BGIN,QUBT,BTCT,EBON,RGTI,CAN,ICG,QBTS,QTEX,BRAI,PSQL,KTCC,SCKT,AMCI,AGMH,MCRP,VTIX,QCLS"
11,Silver,Basic Materials,114.12,93,99,74,97,"AYA,NEWP,SVM,AG,EXK,HSLV"
12,Marine Shipping,Industrials,112.41,92,93,73,83,"EDRY,ECO,GLBS,HAFN,HSHP,EHLD,HMR,SB,SHIP,ASC,NMM,MATX,SFL,DAC,USEA,ZIM,SBLK,DSX,CMDB,GNK,PANL,GSL,SMHI,ESEA,GASS,KEX,CMRE,HOS,CTRM,PSHG,CCEC,VNTG,ICON,UFG,HTCO,RUBI,NCT,CISS"
13,Oil & Gas Midstream,Energy,110.84,91,95,83,88,"PXS,INSW,NAT,FRO,LPG,TRMD,TORO,BWLP,CMBT,DHT,TEN,TNK,PBT,TK,NGL,STNG,NVGS,SUNC,TRGP,PAGP,PAA,KNTK,FLNG,VG,IMPP,LNG,ET,WES,SMC,SOBO,OKE,DLNG,MPLX,CQP,HESM,GLNG,KNOP,PBA,EPD,GLP,IMPPP,EE,WMB,VNOM,KMI,AM,SBR,TRP,MARPS,DTM,TMDE,ENB,GEL,MMLP,BANL,TOPS,RBNE"
14,Communication Equipment,Technology,107.24,90,79,96,98,"LITE,SILC,HPE,OCC,AAOI,VIAV,FEIM,VSAT,DGII,ZBRA,WATT,LTRX,TSAT,NOK,CIEN,CSCO,AUDC,VISN,MSI,EXTR,CLRO,BOSC,CLFD,AIRG,FIEE,HLIT,UTSI,UI,AVNW,ERIC,NTGR,BKTI,BDC,AMPG,ONDS,CRNT,SYNX,MITQ,ASTS,GILT,FKWL,ADTN,CMTL,INSG"
15,Oil & Gas Integrated,Energy,105.77,90,89,48,91,"CVE,PBR,EQNR,EC,YPF,SU,E,XOM,SHEL,CVX,TTE,BP,IMO,SLNG,DEC,SKYQ,TGS,NFG,VIVK"
16,Electronic Components,Technology,105.41,89,69,95,92,"VICR,OPTX,ALNT,MEI,KOPN,BHE,RELL,OUST,LINK,ROG,FLEX,SANM,KN,TTMI,PLXS,RAL,LFUS,GLW,BELFB,CLS,APH,CTS,BELFA,MPTI,JBL,TEL,OST,LYTS,DSWL,LPTH,CPSH,DAIO,FN,REFR,DAKT,ELTK,OLED,WETH,OSIS,KULR,IMTE,NEON,MTEK,MSAI,GAUZ"
17,Steel,Basic Materials,105.14,88,86,82,61,"HLP,FRD,TX,MT,NUE,GGB,NWPX,ZKIN,STLD,RS,MTUS,WS,ASTL,PKX,CLF,SIM,SID,LUD,MSB,HUDI,INHD"
18,Oil & Gas Drilling,Energy,104.33,88,93,67,97,"PTEN,HP,NBR,NE,VAL,SDRL,RIG,PDS,BORR,SOC"
19,Entertainment,Communication Services,104.13,87,58,31,45,"MPU,CPOP,AMC,RDIB,MCS,RDI,IMAX,STRZ,MSGE,MSGS,CNK,ROKU,AMCX,SPHR,ANGH,WBD,ANGX,BATRA,BATRK,MANU,NWSA,SIRI,RSVR,NWS,FOX,FOXA,LYV,DIS,LLYVA,LLYVK,WMG,FWONK,FWONA,TKO,PSKY,TOON,NIPG,HUYA,LFS,VSNT,NFLX,CNVS,IQ,AENT,PLAY,GAIA,KUST,ZNB"
20,Healthcare Plans,Healthcare,104.12,86,96,97,14,"OSCR,CLOV,HUM,CNC,ELV,UNH,PGNY,MOH,CVS,CI,ALHC"
21,Banks - Diversified,Financial Services,103.99,86,94,90,84,"MUFG,ING,SMFG,BBVA,BNS,HSBC,TD,BNY,BMO,CM,SAN,RY,NTB,C,UBS,JPM,BCS,BAC,WFC"
22,REIT - Hotel & Motel,Real Estate,102.99,85,84,93,53,"CLDT,PEB,PK,RLJ,DRH,APLE,HST,RHP,SHO,XHR,INN,IHT,SVC,BHR,AHT"
23,Medical Care Facilities,Healthcare,102.38,84,90,95,56,"AGL,MCTA,AMN,CMPS,STLN,LFST,AVAH,NUTX,PACS,CON,NHC,PARK,THC,PIII,PNTG,INNV,GRDN,MD,ACHC,CCEL,CHE,USPH,EHC,ASTH,DVA,SNDA,ADUS,SRTA,ARDT,HCSG,HCA,ENSG,UHS,FMS,AUNA,BKD,OPCH,SGRY,CYH,AMS,JYNT,WW,CCM,DCGO,BTMD,AIRS,BMGL,NIVF"
24,Footwear & Accessories,Consumer Cyclical,101.05,83,44,55,81,"FOSL,VRA,WEYS,FWDI,RCKY,CROX,SHOO,DBI,WWW,BIRK,ONON,DECK,NKE,FMFC"
25,Discount Stores,Consumer Defensive,100.63,83,81,59,71,"TBBB,TGT,PSMT,DG,BJ,DLTR,COST,OLLI,WMT"
26,Oil & Gas E&P,Energy,99.72,82,81,27,85,"GTE,KOS,WTI,APA,CRT,OBE,GLND,SM,CRGY,BSIN,BTE,REPX,TALO,NRT,HPK,PR,GPRK,LB,VOC,KGEI,CNQ,VIST,VET,WDS,EGY,CHRD,OVV,COP,REI,DMLP,TXO,DVN,MUR,EOG,OXY,FANG,EPSN,KRP,NOG,PVL,MXC,BSM,PNRG,GFR,MTDR,TBN,EONR,SD,PED,CKX,VTS,CRC,RRC,EPM,MGY,FTW,AR,GRNT,INR,AMPY,TPL,INDO,CNX,EQT,SJT,MNR,EXE,BRN,GPOR,BKV,ANNA,EP,BATL,PRT,CRK,MTR,TPET,PROP"
27,Trucking,Industrials,99.45,81,67,93,68,"ETS,ARCB,RXO,SNDR,KNX,CVLG,TFII,HTLD,XPO,WERN,ULH,MRTN,PAMT,ODFL,SAIA,TOPP"
28,Banks - Regional,Financial Services,98.78,81,83,80,73,"OPHC,BYFC,CIB,HFBL,MSBI,CMTV,CLBK,VBNK,ASRV,CHMG,MFG,BOTJ,CFFI,AMAL,SHG,WCCB,SBFG,AMTB,FMAO,KFFB,GCBC,PBAM,BWFG,KB,HBT,ALRS,FSEA,WF,ATLO,OBK,CZFS,NKSH,RBKB,ACNB,PGC,PLBC,CBNK,CARE,CBNA,RRBI,CFBK,PFIS,RCBC,FCBC,TMP,MBIN,TRST,BSVN,BPRN,SMBK,WTBA,FBIZ,SRCE,WASH,LSBK,PKBK,PBFS,OSBC,FISI,FBLA,CTBI,CAC,RBCAA,BAP,KRNY,CBC,EFSI,FNWD,OBT,QNBC,FDBC,VABK,WSFS,CZNC,AVBC,RBB,SHBI,BHB,CCNE,DCOM,FRAF,FNRN,PCB,EGBN,PBHC,USCB,FVCB,FRST,FMBH,TSBK,FBP,AVAL,FNLC,NWFL,GSBC,MBWM,CFFN,BY,IFS,MBBC,PDLB,LCNB,STBA,PEBK,BCAL,NWBI,UVSP,GABC,FUSB,MCBS,BUSE,OFG,CBK,NWG,THFF,LARK,NSTS,BSRR,CLST,NBTB,CPBI,HOPE,ECBK,FDSB,INBK,QCRH,TFSL,SFNC,CATY,RVSB,ITUB,NIC,BCH,UBSI,FCAP,FCF,PROV,WSBK,FXNC,HAFC,MNSB,PEBO,CHCO,MPB,SMBC,WSBF,WABC,CFR,CIVB,HWBK,BFST,BFC,ORRF,NBBK,FFBC,BPOP,BLX,BSAC,CWBC,HNVR,SRBK,BVFL,SFST,MGYR,MYFW,JMSB,NECB,FMNB,MVBF,HYNE,SYBT,FUNC,OVBC,AROW,CVBF,TCBX,MSBIP,FSBC,PFBC,BRBS,OVLY,CCBG,HWC,FULT,CPF,HBNC,FBNC,CNOB,CZWI,LYG,WSBC,HBCP,ISTR,EWBC,CBAN,COSO,BHRB,COFS,PRK,USB,FCCO,MBINM,TRMK,NBN,AVBH,OPBK,HFWA,PFS,IBCP,ESQ,FSBW,BBDO,EBC,NEWTP,CNOBP,BWB,ASB,ONB,MCHB,TCBK,RMBI,BANR,TOWN,MRBK,BBD,CBFV,EQBK,FNWB,DB,VLYPO,WNEB,CFG,VLYPP,ONBPP,BMRC,UMBF,FRBA,FCNCA,FIBK,SSB,ONBPO,FITB,MCB,EBMT,BBT,ZION,SPFI,HTB,INDB,UCB,HBANL,CCNEP,BSBR,SFBC,BAFN,MTB,VLY,AUB,FRMEP,BSBK,WTFCN,PNC,COLB,UNTY,CUBI,HOMB,AUBN,RNST,WAFDP,SBCF,BWBBP,WSBCO,SFBS,FRME,FGBI,FSUN,CBSH,BOKF,MBINN,VLYPN,MNSBP,BCML,TCBS,MBNKO,FGBIP,EFSC,MBINL,UBCP,FNB,PNFP,ABCB,UMBFO,FFIN,LOB,NRIM,RF,IBOC,SSBI,CBU,TCBI,WTFC,PB,KEY,NBHC,HIFS,BUSEP,FULTP,TFC,FHN,SBSI,LKFN,OZK,IBN,HBANM,UNB,AX,BKU,BMA,HBANZ,BOH,BCBP,FBK,TFIN,FHB,WAL,BANF,NEWT,BANC,ZIONP,HBANP,OZKAP,FCNCO,OCFC,TCBIO,GBCI,HBAN,ISBA,WAFD,FCNCP,GGAL,BBAR,FLG,CASH,EFSCP,NU,HAPN,SUPV,NPB,HDB,INTR,TBBK,AGBK,FINW,PNBK,GBFH,CCB,SHFS"
29,Railroads,Industrials,98.65,80,77,52,47,"SWVL,WAB,CSX,FSTR,CNI,UNP,CP,NSC,GBX,TRN,RAIL,RVSN"
30,"Furnishings, Fixtures & Appliances",Consumer Cyclical,98.42,79,82,77,51,"HBB,FLXS,LCUT,FGI,SN,VIOT,XMAX,MWYN,HNI,TILE,MLKN,MHK,ETD,EFOI,BSET,HOFT,VIRC,COOK,CRWS,LOVE,KEQU,ALH,LZB,SGI,MBC,ATER,WHR,PRPL"
31,Financial Conglomerates,Financial Services,98.04,79,88,98,94,"RILYL,RILYP,VOYA,IX,FRHC,HTH,TMS,RILY"
32,Oil & Gas Equipment & Services,Energy,97.65,78,86,91,93,"FET,FTK,WTTR,SND,NESR,OII,SEI,WHD,EFXT,TDW,FTI,INVX,TS,SLB,NOV,XPRO,STAK,OMSE,WBI,KGS,LSE,BKR,DWSN,OIS,HAL,RES,USAC,VTOL,RNGR,AESI,AROC,FLOC,WFRD,DTI,PUMP,LBRT,ACDC,HMH,NGS,NEXT,NOA,NINE,CLB,TTI,KLXE,GEOS,RCON"
33,Real Estate - Diversified,Real Estate,97.1,77,70,65,88,"JOE,VTMX"
34,Medical Instruments & Supplies,Healthcare,94.65,76,72,37,19,"PLSE,ATRC,BLFS,SMTI,PDEX,AVTR,HBIO,RGEN,AZTA,WST,ANGO,MLSS,BNGO,MMED,SOLV,OSUR,BDX,BAX,ICUI,UTMD,KMTS,MMSI,STVN,WRBY,BLCO,NEPH,TFX,EMBC,DXR,RMD,NVST,ATR,RVP,POCI,STAA,LUCY,ALGN,ALC,ISRG,LMAT,MDLN,COO,XRAY,ZJYL,KRMD,STXS,CUPR,RGNT,FEMY,NNNN,NXGL"
35,REIT - Healthcare Facilities,Real Estate,94.45,76,80,87,80,"NHPBP,DHC,LTC,WELL,DOC,AHR,VTR,SBRA,OHI,XRN,STRW,HR,CTRE,UHT,CHCT,NHI,MPT"
36,Industrial Distribution,Industrials,94.27,75,54,48,53,"XMTR,TLIH,WCC,TITN,DXPE,GIC,MSM,DSGR,BXC,DNOW,AIT,GWW,FAST,ALTG,FERG,EVI,CNM,WSO,REZI,SITE,POOL,WXM,QXO,WATR"
37,REIT - Industrial,Real Estate,93.89,74,75,84,55,"LXP,ILPT,COLD,EGP,TRNO,IIPR,FR,REXR,PLD,SMA,CUBE,PSA,STAG,EXR,LINE"
38,Specialty Chemicals,Basic Materials,93.74,74,62,67,81,"CLMT,FEAM,MNTK,SSL,KRO,ALTO,MATV,ODC,KOP,FF,SXT,ASPN,SCL,NEU,IOSP,ASH,AVNT,IFF,ESI,KWR,LYB,NGVT,DD,CNEY,CMT,SQM,AXTA,BCPC,LWLG,CBT,ECL,APD,EMN,ACNT,LIN,NTIC,MTX,AMTX,SHW,PPG,WDFC,PRM,OEC,RPM,FSI,ECVT,SOLS,BON,ALB,HWKN,FUL,CC,WLK,HDSN,GEVO,YMAT,ASPI,BGLC,CITR,LOOP,SNES"
39,Specialty Industrial Machinery,Industrials,93.71,73,23,61,86,"OPTT,BURU,PKOH,TWIN,BWEN,JCSE,NDSN,GRC,LXFR,HURC,IEX,ETN,NPO,EMR,AME,GEV,WTS,KRNT,ITT,FLS,GHM,ROK,GNRC,TAYD,PH,GTES,CSW,CR,SXI,HLIO,SHMD,WFF,DCI,ITW,FELE,GGG,CMI,CETY,DOV,CVV,EPAC,IR,RRX,PSIX,KAI,BW,AOS,TNC,MIDD,SYM,OFLX,MWA,OTIS,XYL,AMSC,NPWR,JBTM,NWCL,GFUZ,MIR,HUHU,NNE,RR,ATS,SMR,SPPL,PNR,LASE,GCDT,INLF,HDRN,LBGJ"
40,Shell Companies,Financial Services,93.64,72,58,38,46,"RFAIU,RFAI,XRPN,XRPNU,RDACU,ACGCU,FVNNU,TDACU,NOEMU,DAAQU,DTSQU,UYSCU,BKHA,BKHAU,NTWOU,UYSC,DTSQ,CAPNU,EURKU,YHNA,DMAAU,BSAA,PONOU,ADACU,QSEAU,BEAGU,SIMAU,RANGU,DMAA,CAPN,FSHPU,CRAQU,MACIU,CCAQ,EURK,WTGUU,CHAR,WTG,GIWWU,MKLYU,MACI,DYNC,DBCAU,SVIVU,LPAAU,RANG,RNGTU,FSHP,PMTRU,SVAQU,QSEA,AACIU,PGACU,SPKLU,ALISU,PGAC,ILLUU,JACS,NBRGU,ALIS,GSRFU,HLXC,SPEG,CEPO,GTERA,KRSP,WENNU,KFII,NTWO,APACU,COPL,NMP,XCBEU,SVCC,TDAC,INAC,RFAMU,DRDB,APAC,LCCC,QUMS,QETAU,HAVA,IBAC,NPAC,PAACU,EVAC,LWAC,PACH,TAVI,SOUL,SZZL,KOYN,YHNAU,MKLY,VNME,CRAC,QETA,NOEM,OBA,YCY,SSEA,SVCCU,LPBB,SDHI,ALDF,FERA,GPAT,GSHR,TACH,WENN,EGHA,VLOSU,WLIIU,OYSE,BACCU,KCHV,LKSP,CHEC,ORIQ,EMIS,SCII,SSAC,CRAQ,HVMCU,TACHU,AACPU,HVMC,SSACU,MMTX,CHPG,TONT,DAAQ,LAFA,PAII,SOCA,WSTNU,AXIN,TMTSU,GIW,BIXI,HCACU,SIMA,TAVIU,ARCI,CCAQU,BIXIU,AIIA,DMII,OTGA,TDWD,EGHAU,RDAG,TVAI,CUB,FIGX,LPBBU,IGAC,LATAU,OACCU,PLMK,SORNU,ADAC,SSEAU,FACTU,FVAV,GSHRU,KTWO,LCCCU,JENA,LKSPU,CRANU,CRACU,KTWOU,DYOR,EVOX,ALOV,BLRK,HAVAU,PCAP,GSRF,WSTN,SCPQU,BLZR,TWLV,GTEN,CUBWU,SOCAU,RNGT,AACI,INACU,APXT,HCAC,SDHIU,SVAQ,VHCPU,WLII,GPACU,MESHU,CHPGU,GIX,QADRU,GPAC,LWACU,SCPQ,BLRKU,LAFAU,LATA,OTGAU,IACO,MBVI,ALDFU,FMACU,IEAG,OBAWU,TVAIU,AEAQ,DRDBU,MESH,TACOU,FERAU,IRHO,OACC,PACHU,VNMEU,NBRG,DMIIU,ITHA,LFACU,BCSS,GTENU,RAC,BHAVU,XSLL,IRAB,PCAPU,WPAC,AXINU,BLUW,GPATU,KBONU,SZZLU,LFAC,BDCIU,LPAA,ATII,LEGO,LPCV,MLAA,ALUB,DNMX,FIGXU,APXTU,HCMA,RFAM,XFLH,KOYNU,MEVO,AACOU,BIII,TACO,ARCIU,SUMAU,GTERU,BLZRU,DSACU,FGII,HCMAU,PMTR,ACAAU,MUZE,NPACU,AEAQU,DBCA,CHECU,DSAC,EVOXU,VHCP,UAC,XCBE,MBVIU,SCIIU,IPXG,CRAN,GIXXU,SORN,ZKP,ARTCU,BLUWU,LPCVU,XSLLU,CCIIU,ZKPU,POLE,SBXE,MEVOU,MUZEU,IRHOU,NMPAU,OIMAU,QUMSU,BDCI,BEBE,PAAC,BEAG,DYORU,ITHAU,MCGA,TWLVU,IEAGU,KFIIU,PTOR,MLAAU,SAC,BACC,IACOU,OYSEU,TMTS,CAQ,PTORU,ALFUU,SPEGU,TLNCU,CAQUU,KRAQ,ORIQU,ALF,FGIIU,HCIC,HACQ,OIM,CHARU,HCICU,TDWDU,CEPS,IGACU,TRGSU,CTAAU,ONCH,HACQU,CLBR,ALOVU,FCRS,MMTXU,DNMXU,KCHVU,KRAQU,TLNC,RDAGU,PALOU,TVA,CCII,CEPV,MCGAU,ATIIU,CEPF,SAAQ,KBON,BSAAU,SVIV,ONCHU,VLOS,IPFXU,DYNCU,NWAX,ACAA,POLEU,RTAC,ASPCU,TVACU,PLMKU,SAAQU,AEXA,RTACU,CCXIU,RIBBU,SPKL,CCXI,COLAU,ASPC,FVN,RDAC,RIBB,COLA,VACI,AFJKU,AFJK"
41,Software - Infrastructure,Technology,93.46,72,43,62,15,"BTLN,BAND,RXT,NUAI,PAYS,OKTA,DOCN,BLZE,TWLO,CRWD,FTNT,PANW,AIFA,AGPU,NTAP,BB,USIO,FIVN,ZETA,TGHL,RBRK,NET,QLYS,MOVE,S,FATN,GTLB,GCT,NTNX,OSPN,NTSK,TENB,FFIV,VRNS,APPN,AZIO,PRTH,RPD,SABR,NTCT,PLTR,DBX,CPAY,CCSI,SAIL,MSFT,RAMP,KSPI,RELY,HQ,BOX,PAYO,SANG,FLYW,AVPT,YEXT,BNAI,VIVO,ZS,ATEN,WEX,SKYA,ARQQ,VRSN,PRGS,PAY,RDWR,AKAM,DRK,IOT,INFQ,BRUN,MDB,ORIO,CHOW,XYZ,BLSH,AI,PATH,TDC,CRWV,CGNT,DLO,ACIW,ALLT,SNPS,PGY,WIX,RPAY,GRRR,PAGS,GDDY,MQ,TOST,EXOD,PAYP,LSAK,DOX,NN,EVTC,CORZ,DTSS,GEN,PDYN,XBP,AEVA,AVX,TUYA,NYAX,EEFT,ORCL,RKTO,CHKP,TLS,BIRD,BKKT,IMXI,OWLS,BLIN,STNE,INTZ,CALX,XNET,CINT,AIB,RZLV,CLBT,VHC,AISP,LIDR,MLGO,PSFE,BTQ,FOUR,PICS,SUPX,ZENA,VERI,TCX,IIIV,KPLT,CISO,AIFC,XNDU,SLMT,HOST,GOAI,QNC,SWMR,REKR,DAVA,OLB,ATGL,CETX,MBAI,ZSQR,AUID,DVLT,KDK,HPAI,HUBC,TAOP,CYAB,ALAR,OBAI,XLAB,CSAI,LHSW,WETO,YYAI"
42,Tools & Accessories,Industrials,93.31,71,72,76,72,"TKR,SWK,TTC,LECO,KMT,EML,CVR,RBC,SNA,ZJK,HLMN"
43,Gold,Basic Materials,92.86,70,74,32,96,"CGAU,MAKO,AUGO,TRX,VGZ,DC,THM,SSRM,IAUX,FSM,HYMC,NEM,ARIS,BTG,EGO,AU,IAG,WPM,RGLD,AEM,ELE,FNV,B,OGC,HMY,SA,CMCL,CDE,OR,PAAS,DRD,PZG,EQX,OGG,GFI,AGI,KGC,FURY,AAUC,GROY,USAU,GAU,GLDG,MINE,CNL,NG,CTGO,GORO,IDR,NFGC,AUST,NAMM,BGL"
44,Insurance - Property & Casualty,Financial Services,92.47,69,85,70,44,"PRCH,SAFT,UFCS,AII,HRTG,UVE,BOW,SLDE,TRV,ASIC,PRHI,THG,HGTY,AIZ,NODK,KINS,HIPO,MCY,SKWD,AFG,CB,ALL,WTM,HCI,SIGI,CNA,PLMR,DGICA,L,WRB,DGICB,HMN,PGR,CINF,SIGIP,GBLI,RLI,ORI,KNSL,MKL,ACIC,TRUP,KMPR,STC,ROOT,LMND"
45,Health Information Services,Healthcare,92.02,69,61,32,2,"AMWL,SDGR,HNGE,HTFL,SOPH,VEEV,TEM,BTSG,BTSGU,SY,CERT,CARL,NRC,WEAV,HSTM,OMDA,GDRX,SLP,LFMDP,OPRX,DOCS,HQY,WAY,SPOK,HCAT,OMCL,PHR,EVH,PRVA,TDOC,MGRX,CCLD,DH,DRIO,ONMD,CTEV,LFMD,BFRG,ACON,BEAT,ZCMD,MNDR,HCTI"
46,Drug Manufacturers - General,Healthcare,91.67,68,73,69,39,"OGN,MRK,AMGN,BIIB,GILD,JNJ,BMY,PFE,LLY,ABBV,NVS,GSK,SNY,NSRX,GRFS,AZN,AMRN,NVO,MIRA,SCLX,MDCX"
47,Biotechnology,Healthcare,91.61,67,83,90,87,"NRSN,ANL,BRTX,IOVA,MRNA,TWST,MTNB,KOD,SLS,ABCL,TTRX,AGEN,ERAS,ANTX,OABI,CLYM,SYRE,IBRX,ABSI,RLYB,OMER,NVCT,RVMD,ANRO,ORKA,DRTS,MANE,MRVI,IMMX,CUE,FTH,HELP,YDES,PGEN,DFTX,NTRB,ACHV,QTTB,TRAX,KRSA,RLAY,PRAX,XNCR,MBX,ENTX,DMRA,IRD,TNGX,SPRB,REPL,ARCT,OBIO,HOWL,BOLD,CORT,ELVN,CADL,URGN,LBRX,RNXT,SLN,TVTX,FTRE,FATE,INBX,STTK,ACRS,MGNX,SRZN,SGMT,HALO,ROIV,YARW,EWTX,SEPN,PBYI,VIR,IPSC,NRIX,DNTH,CELU,PTGX,SLGL,FDMT,TGTX,NRXS,ORMP,CAI,RIGL,NXTC,VSTM,CGEM,ANAB,LGND,ORIC,GHRS,PRLD,DNA,APLM,ARTV,IFRX,EPRX,KYMR,BLTE,HURA,ICCC,PVLA,CGON,MSLE,PMVP,PYXS,ACOG,IMVT,PLX,OVID,RPRX,NVAX,FBIOP,CGEN,EDSA,WHWK,ZLAB,SEER,ALZN,KRYS,AVIR,JAZZ,ADIL,ZNTL,FENC,EXEL,MNOV,PBM,GMAB,AVBP,PYPD,INMB,AUTL,INCY,CCCC,CNSP,HRMY,TECH,ONC,RCUS,TARS,LXRX,ARGX,ACRV,PCVX,IDYA,SGP,NGNE,DSGN,IMRN,DMAC,COGT,REGN,VRTX,IMNM,NBTX,AUPH,KZIA,TLX,ZYME,TRVI,MGTX,NKTX,IKT,KPRX,ADAG,ARQT,KURA,ARWR,COCP,LITS,PHVS,NNVC,CRVS,PLRZ,RXRX,JANX,CBUS,NUVB,INKT,AXSM,RZLT,DNLI,VCEL,MNPR,QNCX,ZBIO,GENB,BMRN,CLDX,RANI,DTIL,SRRK,BNTX,ZVRA,ICU,ABUS,CING,BHVN,VANI,CTNM,GLSI,HYPD,PEPG,GYRE,INVA,GALT,PMN,NKTR,RAPP,TSHA,CBIO,IMUX,STRO,ATNM,MOLN,ABOS,MREO,VKTX,ASND,MDXG,AKTX,SVRA,SMMT,CRSP,VOR,NRXP,SABS,VERU,CVM,MDGL,VRDN,XLO,BIVI,IPHA,ABEO,AGIO,CYTK,GRDX,ELDN,OSTX,ACIU,CAMP,SLDB,BBIO,COYA,AURA,JBIO,LKFT,ANIX,ENTA,PDSB,MNKD,ALLO,MESO,SNDX,VTVT,BCTX,AVTX,VALN,XBIT,NCEL,IMCR,CELC,RYTM,TECX,ADMA,IRON,ANNX,TELO,TOVX,IMTX,IGC,ATHE,BMEA,BCAX,INDP,MIRM,SRPT,NAUT,MLTX,LRMR,APRE,RLMD,TYRA,SER,PRQR,PTCT,MAZE,DYN,EDIT,HYFT,OTLK,ALEC,GERN,XBIO,FBLG,TVGN,NERV,STOK,PRTA,ENSC,EVAX,NTLA,BEAM,PLRX,KROS,ALT,PHIO,GANX,ALLR,RNAC,NEUP,UNCY,AGMB,MRKR,BCDA,INSM,MDWD,ATRA,KYTX,IBO,MAIA,ACAD,PALI,ASMB,MLYS,CRMD,PTHS,CGTX,VRCA,BSEM,IBIO,CSBR,ABVX,EQ,VERA,AKTS,ARVN,ACET,ZURA,GLUE,CNTN,PROK,BOLT,QURE,INAB,IVA,JSPR,KYNB,ALXO,CHRS,VNDA,XTLB,BLRX,SANA,BDTX,ALGS,AARD,CUVL,PULM,PRME,INO,CDIO,LEGN,TIL,GNLX,BNTC,DBVT,TRDA,TLSA,OKUR,OCUL,PTN,IVVD,SPRC,RNTX,OKYO,QNRX,MTVA,NAMS,IMA,RCKT,CRDF,KRRO,TNYA,DRUG,XENE,CABA,XFOR,GRCE,CTXR,MGX,OGEN,QNTM,GDTC,CURX,KTTA,MLEC,CRBP,IMRX,VTGN,NCNA,CTMX,HIND,FHTX,ALNY,ALMS,PASG,BCYC,FBIO,XRTX,ONCY,AAPG,NGEN,ARMP,TARA,CRBU,GPCR,CDXS,VYGR,CLGN,PHAR,OCGN,RGNX,ENVB,TNXP,MENS,DRMA,LCTX,LPCN,GUTS,GRI,OLMA,CRVO,EIKN,FULC,SXTP,HUMA,EVGN,AZTR,INTS,ARDX,ENGN,PCSA,CLRB,PHAT,ABVC,EXOZ,CMMB,RNA,DWTX,IONS,ANVS,LXEO,NTHI,AVXL,MIST,CELZ,LYEL,CAPR,SPRO,RARE,TRAW,SNGX,PMCB,MBIO,FLNA,ACXP,OCS,PPBT,CANF,ATOS,REVB,KLRS,NBP,LONA,EVMN,LSTA,WVE,UPB,CNTB,NIKI,TPST,IMNN,SPRY,DYAI,ALDX,HRTX,VRAX,GOSS,CLLS,KAPA,ATYR,MPLT,BBOT,BYSI,DARE,ESLA,HCWB,ADXN,XCUR,LENZ,TVRD,LGVN,PLYX,ERNA,AIM,PLUR,AEON,TCRT,LTRN,RADX,LNAI,ELTX,ONCO,NMRA,CNSY,MCRB,LIMN,BBLG,LEXX,CMPX,ACTU,SCNI,CNTX,VRXA,APVO,SNTI,CALC,TCRX,CLDI,SILO,SKYE,SLBT,DCOY,EYPT,CVKD,ARTL,RNAZ,GOVX,KPTI,CMND,MBRX,EDVA,PPCB,TENX,VIVS,BDRX,SION,VBIO,ELAB,GNPX,KALA,JUNS,CRIS,SLXN,JAGX,ENLV,CDT"
48,Utilities - Regulated Water,Utilities,91.46,67,76,44,60,"HTO,AWR,ARTNA,PCYO,WTRG,GWRS,CWT,YORW,MSEX,SBS,AWK,CWCO"
49,Asset Management,Financial Services,91.43,66,59,47,48,"CYPH,SVRN,IGR,ASST,MGLD,WT,AAMI,TWN,VCTR,AVAT,KF,STK,TGE,BSTZ,AEF,BST,BTX,STT,AMG,DFDV,BEN,PEO,EMF,BGR,SEIC,IVZ,PFG,AFCG,DXYZ,JOF,SDEV,IAE,TRIN,RMT,CRBG,GNT,BMEZ,IHD,EQH,NMAI,NFJ,HQL,NTRS,BME,SATA,ADX,HQH,GCMG,HSDT,EVT,JCE,QQQX,SII,GAIN,EOD,NBXG,EMO,WHF,AOD,FUND,BCX,NML,CSQ,CET,IGD,SPXX,CGO,AIO,CSWC,CNS,ETO,ETG,FDUS,ETV,ETW,KYN,IGA,GGT,HTGC,CII,THW,THQ,WHG,GGN,TCPC,BBDC,FFA,HFRO,CHW,HEQ,GROW,BDJ,BHV,ECCC,ETB,ARCC,GAM,NXG,GRX,EXG,TY,RVI,AGD,HNNA,RWAY,OCCIN,RSF,RGT,CCD,BXSL,BOE,HASI,XFLT,RVT,IAF,RCG,NIE,OXLCN,GSBD,SPMA,EDF,FHI,GLAD,OXLCO,GDV,EOI,CHI,SPME,AMP,EICA,BLK,BGY,OCSL,MAIN,BCV,PDPA,EDD,OCCIM,GGZ,CEE,LIEN,JQC,BCAT,NCZ,USA,CCID,PDX,JFR,BANX,CHY,CION,PFX,BSL,CEV,GBDC,BGT,LGI,ECF,GDL,TPVG,BGB,FSK,SCD,TROW,VPV,TEI,SOR,ECAT,ASA,MXF,EEA,HRZN,EFT,GCV,MCI,ETJ,EFR,MSIF,BTO,SRV,CGBD,FSCO,IGI,DTF,NCV,ASG,TBLD,DMA,GLV,PGP,APAM,EOS,GLQ,RJF,IDE,MMT,SABA,FRA,UTF,ETY,TSLX,EVF,STEW,BGX,DLY,MXE,PSBD,FTHY,KBDC,FINS,GRF,OBDC,HERZ,MIY,VVR,NTRSO,AVK,RMI,AB,GLO,BTT,ACV,JGH,MUJ,FOF,SDHY,CAF,GEG,ERC,PPT,MEGI,WIA,OXSQ,WIW,MCN,MSD,GLU,TPG,JLS,AWF,TSI,DSU,JHI,GAB,OIA,DBL,DNP,NPFD,PFD,ETX,GUT,NXP,PFO,MIN,WEA,RFI,FTF,FMY,PIM,FFC,ZTR,DPG,BUI,KIO,JRS,GHY,MGF,HYI,VBF,FLC,LDP,RIV,TYG,AMBR,PAI,CPZ,EHI,BGH,GF,GUG,EIM,EVG,SPE,EAD,PCF,EARN,JHS,RLTY,MSDL,VGI,DSL,NIM,NPCT,OPP,JMM,AWP,HYT,TIPT,OFS,EMD,OXLC,DHF,NUW,DFP,RA,HIX,NCA,APO,ZSTK,HIO,RMCO,BRW,RNP,ARDC,NBB,PDT,PAXS,PSF,BIT,PGZ,RQI,PSEC,BAM,FAX,MPV,BTZ,MUC,DMO,PDO,CIK,IIF,NUV,BLW,SBI,BKT,GECC,PTA,BPRE,HTD,NNY,RFM,NMFC,NRK,RFMZ,KTF,PHK,NCDL,ARES,BBN,MMD,PTY,GDO,CRF,PFN,TWAV,BHK,NMI,EVV,RMMZ,MFM,EOT,PCN,RMM,RAND,CLM,WDI,IFN,FPF,BCSF,BWG,ACP,NBH,ASGI,PFLT,TDF,MYI,ISD,NRO,MUA,MYN,PFL,UTG,MHD,FT,FMN,JPC,VKQ,VINP,PNI,IQI,PCQ,NAC,VLT,NZF,LEO,HPI,RCS,NAZ,MQY,DHY,VMO,NMZ,PMM,NEA,ERH,GBAB,PMO,AFB,PCM,MMU,STEP,DMB,NAN,OTF,RPC,PML,SLRC,NOAH,DSM,MHF,NAD,NDMO,NHS,HLNE,NMT,MPA,HPF,EIC,NKX,VRTS,NVG,KKR,EVN,BMN,JRI,OWL,VGM,VCV,PDI,NMCO,IIM,VTN,SAMG,HPS,MFIC,BX,HGLB,VKI,BCIC,ECC,NPV,NMS,BN,PNNT,SPMC,PDCC,PAX,KWY,CG,SCM,CCAP,SAR,GOF,ALTI,AMTD,OCCI,CCIF,MLCI,CFND,NSLR,BUR,EQS,BCG,ICMB,CWD,VCX,BENF,INV"
50,Rental & Leasing Services,Industrials,91.39,65,55,72,65,"VSTS,VAI,CTOS,URI,UHAL,R,SUNB,AER,HRI,MGRC,GATX,PRG,WLFC,WSC,EQPT,MWG,CAR,HTZ"
51,Farm & Heavy Construction Machinery,Industrials,91.37,65,47,39,42,"MTW,BNC,XOS,ARTW,DE,CNH,WNC,CAT,GENC,CMCO,AGCO,HY,PCAR,OSK,FSS,TWI,AEBI,BLBD,LNN,ALG,TEX,HYFM,ASTE,GP,SCAG,HCAI"
52,Aluminum,Basic Materials,91.28,64,88,94,99,"KALU,CSTM,AA,CENX"
53,Department Stores,Consumer Cyclical,90.84,63,49,76,69,"DDS,KSS,M,PLBL"
54,Lodging,Consumer Cyclical,90.53,62,53,81,77,"CVEO,IHG,MAR,HLT,HTHT,CHH,H,ATAT,INTG,WH,GHG"
55,Packaging & Containers,Consumer Cyclical,90.46,62,69,55,35,"KRT,MYE,GEF,ORBS,SW,AMBP,PKG,AVY,AMCR,CCK,TRS,SON,BALL,MGIH,REYN,IP,SLGN,DSS,YHGJ,PACK,GPK,OI"
56,Conglomerates,Industrials,89.86,61,60,78,63,"NNBR,MAMK,HHS,RCMT,CODI,AIRT,TUSK,MMM,CRESY,VMI,OTTR,AIRTP,DLX,GHC,PAM,BOC,HON,TRC,LGPS,SEB,BOOM,BBUC,MATW,FIP,FBYD,GNTA,PLAG,GPUS,NXAT"
57,Financial Data & Stock Exchanges,Financial Services,89.74,60,63,17,25,"MKTW,CBOE,VALU,FDS,NDAQ,MORN,ICE,CME,MCO,MSCI,COIN,SPGI,DTCX,TRU"
58,Scientific & Technical Instruments,Technology,89.3,60,45,64,62,"MLAB,KEYS,COHR,VPG,ASTC,SOTK,MKSI,GRMN,USBC,CGNX,ST,ACFN,ITRN,NOVT,NOVTU,LGL,ESE,TDY,FTV,VNT,ITRI,TRMB,WRAP,BMI,GNSS,ODYS,ARBE,MIND,AIMD,FCUV,SVRE,ARAI,MVIS"
59,Insurance - Life,Financial Services,89.1,59,65,66,54,"JXN,MFC,CNO,MET,PRU,UNM,GL,LNC,PRI,GNW,AFL,SNFCA,ABX,BHFAM,BHFAO,BHFAP,BHFAN,PUK,BHF,FG,CIA,AAME"
60,Drug Manufacturers - Specialty & Generic,Healthcare,89.01,58,67,60,59,"CPIX,ETON,TKNO,AMLX,ANIK,CRDL,KNSA,AMRX,IRWD,TEVA,VTRS,TRLV,EOLS,ALVO,ZYBT,LNTH,XERS,CRON,TXMD,TLPH,LFCR,CTOR,PRGO,BFRI,KMDA,AMPH,RMTI,CABR,INM,HCM,TAK,ACB,INDV,ALKS,UTHR,DERM,BHC,UPC,PCRX,INCR,AQST,ELAN,AYTU,BCRX,SCYX,NBIX,HLN,PAHC,HIMS,RDY,SUPN,ANIP,PBH,CGC,LQDA,OGI,CPHI,EBS,GELS,HROW,SIGA,ZTS,SNOA,IXHL,SHPH,AKBA,ADCT,GLAS,COLL,EVO,TLRY,RGC,BIOA,YCBD,BGM,RDHL,ORGO,PRFX,APUS,AKAN,IMCC,SBFM,SXTC"
61,Specialty Business Services,Industrials,88.49,58,55,34,50,"BUUU,TISI,TH,CBZ,QUAD,ARMK,CASS,TRNS,KODK,NTIP,EBF,FA,ABM,UNF,GPN,AZZ,CTAS,PC,DLB,CMPR,YSXT,TRI,TIC,RELX,SPIR,RHLD,BKSY,CRE,WFCF,MMS,CPRT,SFHG,ULS,RBA,BV,AMTM,LZ,SST,RTO,DLHC,PMEC,LICN,YFOR,THH,SMX,ANPA"
62,Food Distribution,Consumer Defensive,88.44,57,57,60,65,"CHEF,ANDE,MTEX,UNFI,AVO,USFD,SYY,PFGC,DIT,HFFG,TWG"
63,Capital Markets,Financial Services,88.08,56,27,20,26,"MTC,TOP,PURR,NCPL,SVIA,HUT,MRX,SLNHP,NAKA,OPY,SBET,BMNR,VIRT,AUC,XP,RIOT,GOLD,BGDE,NMR,SONM,BGC,SNEX,IBKR,MKTX,CLSK,CD,STKE,HOOD,VIP,HIVE,IREN,MS,TAOX,SCHW,CRCL,MARA,SIEB,SLNH,WULF,BMHL,GS,HGBL,LPLA,GLXY,TW,SF,PWP,BTGO,BTBT,BRBI,BTCS,FUTU,PJT,MC,GEMI,JEF,PIPR,CSHR,ATCH,MATH,MEGL,LAZ,HLI,FIGR,MIAX,MDBH,EVR,SRL,FUFU,PLUT,TIGR,WTF,COHN,ETOR,DEFT,ABTS,IPST,CANG,GRAN,DOMH,CNCK,ABTC,FLD,ARBK,NCTY,AURE,STEX,GSIW,SOS,PMAX,PWCM,LGHL,AXG"
64,Metal Fabrication,Industrials,88.02,55,52,69,67,"AP,PRLB,ATI,TPCS,WOR,MLI,CRS,RYZ,CMC,HIHO,IIIN,TG,TRSG,MEC,GPGI,ESAB,MTEN,OLOX"
65,Insurance - Reinsurance,Financial Services,87.71,55,79,72,58,"RGA,HG,SPNT,RNR,EG,GLRE,OXBR,KG"
66,REIT - Specialty,Real Estate,87.68,54,51,54,60,"EQIX,FPI,OUT,IRM,LAMR,LAND,EPR,LANDP,DLR,LANDO,UNIT,SELF,AMT,GLPI,SBAC,RYN,CCI,WY,PW,FRMI"
67,Utilities - Diversified,Utilities,87.56,53,52,51,72,"AES,BIP,UTL,AVA,AQN,SRE"
68,Thermal Coal,Energy,87.54,53,71,19,79,"NRP,ARLP,CNR,BTU,NC"
69,REIT - Retail,Real Estate,87.49,52,66,79,67,"WHLRP,CBL,MAC,CURB,ALX,SPG,PINE,FRT,PECO,KIM,KRG,IVT,BRX,REGCP,SKT,REG,NNN,GTY,WHLRD,UE,REGCO,AKR,NTST,FCPT,BFS,ADC,O,EPRT,SITC,WHLR"
70,Apparel Retail,Consumer Cyclical,87.45,51,48,41,64,"LVLU,VSXY,JILL,TLYS,CURV,ANF,ROST,CTRN,DLTH,GCO,URBN,GAP,AKA,CAL,AEO,CRI,BKE,BURL,TJX,LE,BRIA,SHOE,BOOT,CATO,ZUMZ,LULU,SFIX,DXLG,RENT,MYSZ,JEM,DBGI"
71,Business Equipment & Supplies,Industrials,87.26,51,46,37,5,"XRX,ACCO,ACTG,CXT,EHGO"
72,Textile Manufacturing,Consumer Cyclical,87.18,50,18,53,1,"UFI,CULP,AIN,SMJF,PASW"
73,Household & Personal Products,Consumer Defensive,86.98,49,56,29,4,"HNST,ACU,ELF,EPC,HELE,NWL,SPB,IPAR,EL,UG,CHD,KVUE,ATTT,COTY,CL,PG,UL,MAGN,KMB,ODD,GROV,CLX,DSY,SLSN,YSG,NUS,SKIN,WALD,TANH,BYAH"
74,Consulting Services,Industrials,86.94,48,65,24,28,"ROMA,AERT,FORR,ACCL,SBC,HURN,RYOJ,ICFI,PPHC,LAWR,EFTY,CRAI,BAH,EGG,RGP,VRSK,FCN,EFX,INTJ,ZTG,DGNX,GRNQ,FOFO,VCIG"
75,Insurance - Diversified,Financial Services,86.33,48,60,58,52,"SLF,PLGO,AEG,IGIC,ACGLN,ACGL,ACGLO,AIG,HIG,BNT,XZO,WDH"
76,Luxury Goods,Consumer Cyclical,86.17,47,17,79,74,"MOV,LUXE,SIG,SORA,BRLT,TPR,ELA,REAL,CPRI,LANV"
77,Software - Application,Technology,86.11,46,40,14,4,"BVC,WCT,RNG,APPS,PUBM,FSLY,TEAM,DHX,RSKD,DDOG,EXFY,SNOW,RYDE,AMPL,FROG,RDVT,PD,PAYC,NXPL,SMWB,ESTC,MTLS,PDFS,CURR,OOMA,NTWK,VIA,IBTA,DT,TONX,U,DAVE,SVCO,MITK,CHYM,DOCU,MANH,FRSH,DJCO,WDAY,SPSC,EGHT,KARO,CVLT,JG,CRM,SPT,INTA,MSTR,HKD,PLUS,DCBO,IDAI,PCTY,STRC,SHOP,IMMR,MRT,STRD,YAAS,PERF,NAVN,ALRM,ADEA,SAP,STRK,DSP,STRF,NOW,GRND,NATL,API,ADP,ZM,IDCC,JTAI,SSNC,APPF,WK,AIFF,RDZN,BLKB,RMNI,IPM,DSGX,NICE,CCC,DUOT,DUOL,DFIN,RTB,ORKT,CDNS,YOU,AGYS,WLTH,ASAN,PHUN,SSTI,QTWO,BILL,BRZE,KLTR,BULL,PTC,PAYX,PCOR,CMRC,MNDO,LSPD,LYFT,ADBE,ATHR,NCNO,ASUR,SMSI,VTEX,MYSE,BLIV,YMM,GWRE,ROP,FRMM,BSY,MNTN,IFBD,LAW,UBER,OTEX,YALA,TYL,SMRT,ADSK,DBD,AZ,BTDR,AEYE,KC,UPBD,DMRC,GLOO,RSSS,TRAK,XPER,CREX,PEGA,MNDY,TTAN,EVCM,CRNC,FIG,CXM,HUBS,VS,GTM,VERX,BMR,EGAN,HOLO,PDC,WRD,KVYO,SOUN,YB,VTSI,HUCK,MFI,AWRE,GRAB,INLX,RBBN,INTU,BL,ALKT,LIF,AIOT,PAR,SCOR,SRAD,AMST,NVNI,HIT,PSQH,CRGO,NRDY,UPLD,AIXI,ALIT,HTCR,BLND,YXT,FICO,IDN,AUUD,RCT,CYN,KNRX,RMSG,SAGT,FUSE,INUV,THRY,TGL,MASK,BZAI,RPGL,CXAI,NTCL,FTFT,AMOD,BIYA,ILLR,PARA,YMT,HODO,FRGT,NXTT,LGCL"
78,Beverages - Brewers,Consumer Defensive,85.97,46,50,36,66,"FMX,ABEV,BUD,CCU,TAP,STZ,SAM"
79,Restaurants,Consumer Cyclical,85.91,45,62,27,22,"CAKE,NDLS,ESYN,RRGB,CBRL,BJRI,BDL,BTBD,HCHL,EAT,SG,LOCO,BLMN,GTIM,CNNE,RICK,CHA,SBUX,QSR,NATH,DRI,BH,ARCO,YUMC,DIN,REBN,TXRH,CMG,YUM,JACK,DPZ,SHAK,STKS,WEN,HDL,MCD,CAVA,GENK,FWRG,RAVE,ARKR,KRUS,MB,PTLO,BROS,THCH,BRCB,WING,PZZA,CHSN,VENU,CCHH"
80,Apparel Manufacturing,Consumer Cyclical,85.89,44,64,85,58,"VNCE,JRSH,FIGS,SGC,ZGN,JXG,COLM,RL,PVH,LAKE,GIII,LEVI,VFC,KTB,UAA,GIL,UA,JL,PLBY,GOOS,OXM,PLCE,XELB,NCI"
81,Utilities - Regulated Gas,Utilities,85.75,44,47,49,79,"BKH,UGI,CPK,NJR,NWN,SWX,RGCO,MDU,SR,SPH,OGS,ATO,BIPC,NI,CTRI"
82,Electronic Gaming & Multimedia,Communication Services,85.46,43,34,92,10,"FIRY,DKI,DDI,MSGM,GCL,GRVY,GAME,NTES,GIGM,SOHU,TTWO,CTW,GDEV,MYPS,SNAL,GMHS,RBLX,PLTK,GXAI,GDC,TRUG"
83,Security & Protection Services,Industrials,85.4,42,31,21,31,"CIX,MG,GEO,CXW,VRME,NL,MSA,ALLE,BRC,BCO,SPCB,NSSC,ADT,EVLV,IVDA,GFAI,SNT,BKYI,BAER,SUGP"
84,Information Technology Services,Technology,84.92,41,28,23,9,"SAIH,MAAS,CHRN,PENG,QXL,SHAZ,IBEX,SAIC,III,KEEL,TASK,EFOR,CLPS,GDYN,CACI,INGM,INOD,WYY,GLE,IT,CTSH,EXLS,CIFR,ACN,FORTY,CDW,BR,JKHY,CNDT,G,DXC,GDS,APLD,WYFI,EPAM,GIB,JFU,ARBB,DTST,TSSI,LDOS,CNXC,TTGT,CSPI,CTM,INFY,GLOB,IBM,NABL,VYX,WIT,UIS,HCKT,DAIC,AIOS,KD,PONY,FIS,PSN,VNET,BBAI,CLVT,TTEC,LZMH,VRRM,TDTH,GMM,CYCU,VEEA,HKIT,SGRX,JZ"
85,Auto Parts,Consumer Cyclical,84.57,41,36,63,55,"ASBP,HYLN,VGNT,GTX,PRTS,MLR,CVGI,MGA,BWA,DAN,GTEC,AUR,CAAS,ALSN,SRI,MOD,FOXF,GPC,LEA,THRM,PLOW,SMP,XPEL,WPRT,ALV,INEO,DORM,DCH,ORLY,GNTX,PHIN,ATMU,VC,STRT,ADNT,AZO,MNRO,LKQ,HLLY,SLDP,HSAI,MPAA,SYPR,ECX,MBLY,AAP,CPS,GT,APTV,QS,SES,INVZ,FRSX,MVST,WKSP,MKDW"
86,Specialty Retail,Consumer Cyclical,84.37,40,25,42,23,"ABLV,HZO,CHPT,BBY,FIVE,WSM,BNED,SBH,ARHS,BWMX,TLF,MUSA,GME,NAAS,ULTA,GRWG,ASO,SVV,RECT,PTLE,CASY,BOBS,HTLM,ONEW,WOOF,TSCO,SPWH,RH,JBDI,BBWI,ARKO,BARK,EYE,WINA,BQ,FLWS,DKS,TKLF,BBW,MNSO,EVGO,CGTL,LESL"
87,Chemicals,Basic Materials,84.31,39,46,25,93,"MEOH,GPRE,REX,VHI,RYAM,WLKP,DOW,LXU,CE,HUN,ASIX,TROX,NPT,OLN,GURE,BAK"
88,Telecom Services,Communication Services,83.93,39,39,44,69,"ATEX,IRDM,IDT,VEON,GSAT,LILA,SKM,TIGO,LILAK,PCLA,ATNI,VOD,TEO,CHT,VZ,T,ELWT,KT,PHI,SIFY,LBTYB,KYIV,AD,KVHI,BCE,AMX,RCI,ECHO,VIV,TDS,CXDO,TKC,SHEN,CMCSA,LUMN,TMUS,TV,TIMB,LBTYA,TLK,GLIBK,LBTYK,GLIBA,RDCM,IOTR,TU,OPTU,CHTR,IQST,GOGO,CCOI,FNGR,NIXX,UCL,SURG,CABO"
89,REIT - Residential,Real Estate,83.59,38,44,46,32,"JAN,CLPR,UMH,ESS,AMH,BRT,INVH,VMRK,CSR,ELS,MRP,UDR,CPT,SUI,IRT,MAA,ELME,BHM,NXRT,AIV"
90,Medical Devices,Healthcare,83.22,37,24,16,12,"TXG,RCEL,BFLY,SGHT,MYO,ECOR,MASS,SENS,VREX,NEOG,HAE,BVS,PACB,TMCI,STIM,HSCS,BRKR,DCTH,GKOS,CBLL,TELA,ITGR,BRKRP,CTKB,AXGN,INFU,BIO,UFPT,DXCM,LUNG,AVR,CNMD,KIDS,INSP,IART,SIBN,BWAY,NVCR,BBNX,LIVN,QSI,CERS,BMRA,PEN,NSYS,TNDM,VMD,EW,ESTA,MDT,AEMD,MDAI,ZBH,NPCE,GMED,INMD,MXCT,IRMD,TMDX,COCH,ELUT,TCMD,ABT,CV,STE,PROF,ELMD,GEHC,PHG,SERA,TLSI,ATEC,SRTS,SINT,LFWD,LNSR,SNN,CLPT,SYK,IRTC,QTRX,OFIX,CATX,INGN,LMRI,OWLT,ITOC,APYX,ENOV,AORT,LAB,BSX,PRCT,RXST,LUCD,XTNT,HYPR,ARAY,SSII,OM,PODD,NVNO,NSPR,IRIX,MBOT,AHCO,BDMD,NYXH,INBS,QDEL,PAVM,BJDX,RPID,PLSM,QTI,AMIX,TRIB,CTSO,NNOX,IVF,AIDX,CODX,WOK,NXL,MODD,SNWV,POAS,NMTC,CVRX,TNON,PMI,XAIR,ICCM,VVOS,GCTK,ADGM,VTAK,VNRX,NUWE,PFSA"
91,Airlines,Industrials,83.1,37,16,86,39,"ULCC,DAL,CPA,LUV,UAL,SKYW,LTM,AAL,RJET,AERO,RYAAY,ALGT,SRFM,JBLU,ALK,VLRS,FLYX"
92,Travel Services,Consumer Cyclical,83.06,36,38,57,34,"LIND,PRSU,ABNB,EXPE,VIK,RCL,TNL,CCL,TOUR,BKNG,YTRA,MMYT,TCOM,NTRP,NCLH,TRIP,AHMA"
93,Credit Services,Financial Services,82.9,35,42,50,27,"ECPG,OPRT,PMTS,BFH,MFIN,ATLC,AGM,SEZL,EZPW,FCFS,PRAA,CPSS,V,CACC,ATLCP,PYPL,SLMBP,ENVA,SUIG,MA,JCAP,WRLD,AFRM,XYF,OMF,GDOT,SYF,NAVI,NNI,JF,COF,SLM,AXP,ALLY,TROO,VRM,RM,HTT,SOFI,SNTG,WU,UPST,LU,OPFI,FINV,KLAR,FOA,DXF,YRD,QFIN,ANTA,JFIN,LX"
94,Leisure,Consumer Cyclical,82.84,34,21,30,43,"AOUT,KBSX,FNKO,LTH,JAKK,ESCA,CLAR,HAS,PUSA,CALY,JOUT,KMRK,YETI,NWTG,OSW,GOLF,PTON,MAT,TRON,AS,PRKS,LUCK,XPOF,GDHG,PLNT,MMA,FUN,HERE,DOGZ,NOMA"
95,REIT - Office,Real Estate,82.7,34,41,62,7,"PSTL,HIW,CDP,PDM,DEA,SLG,CUZ,HPP,ONL,VNO,BXP,KRC,BDN,ARE,NLOP,DEI,OGCP,ESBA,FISK,FSP,CMCT"
96,Utilities - Regulated Electric,Utilities,82.63,33,41,58,74,"ELPC,GNE,NWE,TXNM,CIG,EVRG,OGE,FTS,D,ED,NGG,PNW,ETR,AEP,EMA,IDA,FE,AEE,ES,DUK,PPLC,CEPU,POR,NEE,PPL,XEL,SOMN,LNT,WEC,CNP,SO,EDN,EXC,MGEE,DTE,CMS,PEG,EIX,KEP,PCG,HE,NKLR,IMSR"
97,Other Precious Metals & Mining,Basic Materials,82.32,32,39,22,95,"MTA,BVN,HL,VOXR,SBSW,TFPM,MUX,PPTA,ITRG,ASM,SLSR,VMET,GRML,PLG,LODE,GMTL"
98,Residential Construction,Consumer Cyclical,82.28,32,34,65,34,"BZH,LEGH,SKY,CVCO,MHO,LGIH,TOL,HOV,GRBK,PHM,DHI,MTH,SPHL,NVR,LEN,KBH,IBP,DFH,BXBL"
99,Engineering & Construction,Industrials,81.87,31,22,75,83,"MAGH,SKK,FIX,BWMN,IESC,PHOE,ACA,PWR,BBCP,TPC,STRL,ECG,EME,PMA,LGN,FLR,TTEK,VATE,J,CDLR,MYRG,EXPO,APG,MSGY,KAZR,ESOA,GVA,KBR,SHIM,AGX,WLDN,FER,CDNL,STN,ROAD,MTRX,BLNK,OPAL,AMRC,ORN,MTZ,DY,ACM,PRIM,ONEG,FBGL,ZDAI,SLND,MIMI,OFAL,FGL,MGN"
100,Auto & Truck Dealerships,Consumer Cyclical,81.62,30,10,11,9,"UCAR,ACVA,RUSHB,KMX,PAG,RUSHA,OPLN,LAD,RDNW,CVNA,NXB,VVV,SAH,DRVN,ABG,AN,JZXN,GPI,BGSI,CWH,UXIN,AZI,SDA,KXIN,CRMT"
101,Beverages - Non-Alcoholic,Consumer Defensive,81.36,30,24,34,44,"KO,COKE,KOF,KDP,COCO,CCEP,MNST,FIZZ,BUDA,PRMB,BNKK,PEP,CELH,ZVIA,BRFH,REED"
102,Insurance Brokers,Financial Services,81.18,29,78,10,0,"LIFE,XHG,ARX,BWIN,CRVL,TWFG,NP,WTW,MRSH,AJG,RYAN,HUIZ,BRO,ERIE,GSHD,AON,TREE,SLQT,EZRA,EHTH,AIFU,ZBAO"
103,Building Products & Equipment,Industrials,81.08,28,20,30,37,"CSTE,UUU,NX,JCI,GFF,PPIH,JELD,TT,APT,TREX,SWIM,AIRJ,MAS,CSL,AWI,APOG,OC,CARR,AAON,ARLO,WMS,NPKI,ROCK,SPXC,LPX,FBIN,INVE,ILAG,LII,JLHL,JBI,BGMS,BLDR,LMB,AEHL,KSCP"
104,Integrated Freight & Logistics,Industrials,80.12,27,16,15,32,"CJMB,PSIG,NCEW,CYRX,PBI,EXPD,RLGT,FDX,JBHT,LSTR,UPS,CHRW,ZTO,FWRD,GXO,QNME,ATXG,HUBG,HXHX,BTOC,SERV,FLX,JYD,PAL,ELOG,GVH,SLGB,CIIT,SGLY,CTNT"
105,REIT - Mortgage,Real Estate,79.61,27,35,33,46,"CHMI,NREF,ADAMN,ADAML,ADAMM,ADAM,AGNCL,AGNCP,AGNCM,AGNCO,AGNCN,AGNCZ,EFC,REFI,ARI,ADAMZ,SACH,NLY,DX,RITM,AGNC,ARR,ACRE,AOMR,LADR,KREF,MFA,IVR,ORC,SEVN,STWD,RWT,LOAN,MITT,CIM,TRTX,SUNS,RPT,FBRT,BRSP,PMT,BXMT,ABR,RC,ACR,GPMT,CMTG,LFT"
106,Electrical Equipment & Parts,Industrials,79.36,26,13,71,76,"OESX,BE,CBAT,FCEL,PLPC,ATKR,NVT,POWL,ESP,ENS,AEIS,VRT,FPS,ENR,EAF,KE,ULBI,ZOOZ,HUBB,STI,SKYX,AYI,ADSE,PPSI,NEOV,AMPX,PLUG,NMAD,TE,ELVA,APWC,WBX,HAYW,RFIL,BLDP,POLA,TGEN,FAC,XPON,LTBR,CCTG,ENVX,EOSE,RAYA,NVX,FLUX,DFLI,LNKS,XCH,EPOW,GWH,SDST,ELPW"
107,Coking Coal,Basic Materials,78.98,25,74,13,48,"SXC,HCC,AMR,METC,METCB"
108,Insurance - Specialty,Financial Services,78.3,25,51,53,40,"ITIC,EIG,ACT,FAF,NMIH,MTG,ESNT,AXS,RDN,AGO,FNF,AMSF,JRVR,OSG,MBI"
109,Broadcasting,Communication Services,78.24,24,97,88,30,"BBGI,NMAX,MDIA,GTN,CURI,SSP,SBGI,NXST,SGA,UONEK,FUBO,IHRT,UONE,XHLD,CAST"
110,REIT - Diversified,Real Estate,78.14,23,32,35,29,"NXDT,CTO,GOOD,AAT,FVR,OLP,BNL,AHRT,GNL,WPC,GOODN,SQFTP,VICI,SAFE,ESRT,JBGS,MKZR,SQFT,GIPR"
111,Aerospace & Defense,Industrials,78.11,23,20,51,78,"SIF,SATL,CVU,DCO,ATRO,NPK,EMBJ,POWW,SWBI,CODA,RGR,PKE,RDW,VVX,BETA,IA,DPRO,FTAIM,VOYG,HXL,POWWP,SPCE,SPAI,ESLT,RTX,RKLB,HWM,WWD,LMT,GE,HOVR,GD,AIR,SIDU,HEI,MRCY,MDA,PRZO,LUNR,CAE,DRS,TXT,HII,BA,LOAR,VSECU,VSEC,CW,FLY,AIRI,TDG,NOC,ACHR,OPXS,TATT,MOB,FTAI,LHX,CDRE,SARO,AXON,AIRO,PL,BWXT,PEW,AVAV,MNTS,EVEX,RCAT,KTOS,XTIA,DFSC,KRMN,EH,BYRN,YSS,FJET,MRLN,EVTL,DFNS,KITT,VWAV"
112,Farm Products,Consumer Defensive,77.71,22,33,18,51,"ADM,VFF,AFRI,BG,AGRO,CHSCN,PFAI,CHSCO,CHSCL,CHSCM,ALCO,CHSCP,DMC,LND,DOLE,LMNR,TSN,AQB,CALM,LOCL,TULP,VITL,SDOT,AGRZ,EDBL"
113,Other Industrial Metals & Mining,Basic Materials,77.5,21,29,45,90,"MTRN,NEXA,BHP,ALM,SKE,RIO,SCZM,NVA,TII,GSM,VALE,VZLA,CHNR,TMQ,LAR,WRN,CMP,LZM,GRO,CRML,BMM,USAS,ALOY,SGML,USAR,MP,NAK,WWR,ELVR,XPL,TMC,ELBM,NB,IONR,USGO,OMEX,LAC,NEXM,UAMY,ATLX,NMG,FNUC,SLI,IPX,LGO,TMCR,FMST,EMAT"
114,Grocery Stores,Consumer Defensive,77.29,20,11,16,16,"VLGEA,GO,IMKTA,WMK,NGVC,DDL,KR,DNUT,SFM,ACI,VHUB,MSS"
115,Resorts & Casinos,Consumer Cyclical,76.72,20,19,46,37,"VAC,CZR,BALY,MCRI,MTN,CPHC,RRR,PENN,MGM,BYD,HGV,WYNN,LVS,CNTY,MLCO,FLL,MSC"
116,Personal Services,Consumer Cyclical,76.54,19,27,7,3,"ANDG,FTDR,RGS,HRB,MED,SCI,CSV,BFAM,ROL,EJH,MRM,CLIK,TRNR"
117,Home Improvement Retail,Consumer Cyclical,76.46,18,26,20,30,"HVT,HD,LOW,FND,LIVE"
118,Internet Content & Information,Communication Services,76.44,18,11,23,24,"NBIS,TRVG,JOYY,GITS,RUM,NXDR,SLE,MTCH,META,GOOGL,GOOG,ZIP,ZH,ATHM,GRPN,BZFD,OPRA,PPLI,BZ,ZDGE,CARS,SNAP,SOGP,PODC,EVER,UPXI,SPOT,DIBS,PERI,DJT,GIBO,WBTN,CARG,SJ,DOYU,NRDS,PAAI,TBLA,PINS,MAX,GENI,FENG,MOMO,WB,RDDT,BIDU,BILI,BMBL,ANGI,TME,UPWK,YELP,LCFY,FVRR,TZOO,CMCM,ZG,MNY,Z,TEAD,LVO,WSHP,BODI,STUB,SEAT,GIFT,NAMI,SSTK,CHAI,ONFO"
119,Agricultural Inputs,Basic Materials,76.32,17,36,9,33,"UAN,CF,NTR,CTVA,IPI,ICL,MOS,SMG,SEED,BIOX,FMC,AVD,NXTS"
120,Internet Retail,Consumer Cyclical,76.28,16,13,89,17,"MI,LQDT,JWEL,YJ,LITB,W,ETSY,GLBE,AMZN,BZUN,EBAY,PTRN,ZKH,CART,HOUR,JD,DASH,MELI,RVLV,HEPS,BABA,SE,RERE,VIPS,MOGU,JMIA,PDD,WBUY,CHWY,CPNG,OCG,NEGG,NXH,NHTC,TDUP,WNW,UZX,NEXR,IPW"
121,Waste Management,Industrials,76.15,16,30,8,57,"ENGS,PESI,CLH,NVRI,GFL,AWX,QRHC,RSG,WM,WCN,CWST,AREC,ABAT,DXST,AQMS,GWAV,ONT,LNZA,YDDL,OIO,CDTG"
122,Real Estate Services,Real Estate,75.81,15,30,41,20,"OPAD,CHCI,PETZ,RMR,BPYPP,IHS,BEKE,BPYPO,BPYPN,MAYS,STHO,GBR,MMI,SEG,TCI,HBNB,JLL,IRS,MLP,COMP,ARL,ASPS,LRHC,CBRE,FRPH,NEN,EUDA,MDRR,FSV,CWK,RFL,CIGI,NMRK,DOUG,NYC,CSGP,GYRO,REAX,DUO,UK,AGNT,SRG,LHAI,FTHM,OPEN,AIRE,CHGA,OMH"
123,Advertising Agencies,Communication Services,75.49,14,32,39,6,"EVC,CNET,MGNI,MF,WPP,STGW,ZD,DV,NEXN,CCO,FLNT,EDHL,QNST,OMC,ADV,YDKG,KRKR,DLPN,TSQ,SWAG,CRTO,MCHX,IZEA,NCMI,ACCS,STFS,CHR,APP,VSME,TTD,CDLX,WIMI,DRCT,TC,TDIC,BAOS,HAO"
124,Consumer Electronics,Technology,75.36,13,4,0,20,"GPRO,UEIC,SONO,AAPL,MSN,SONY,TBCH,KOSS,VUZI,AXIL,LPL,FXHO,FEBO,FOXX,BOXL,WLDS,ZEPP,GMEX,RIME"
125,Utilities - Renewable,Utilities,75.25,13,5,24,41,"NXXT,ENLT,RNW,ELLO,NRGV,ENIC,XIFR,BEP,CWEN,ORA,SAFX,WAVE,MWH,BEPC,AGIG,VGAS,HTOO,BESS,FLNC,STEM,PBK,BRNX"
126,Packaged Foods,Consumer Defensive,74.82,12,18,13,21,"UTZ,WEST,PRE,SENEB,DAR,SENEA,WYHG,BOF,SJM,MICC,UCFI,LFVN,CENT,JVA,LSF,HLF,CENTA,FRPT,OTLY,KHC,JJSF,LW,NOMD,INGR,JBSS,CAG,MAMA,HRL,JBS,MKC,GIS,BRCC,CPB,BRLS,OFRM,LWAY,BRID,PPC,SFD,COOT,POST,MZTI,BGS,CLNN,USNA,FTLF,HAIN,NAGE,NATR,FLO,SMPL,NAII,ATPC,STKH,NCRA,BRBR,BHST,FAMI,BYND,RKDA,PAVS,SRXH,DDC"
127,Medical Distribution,Healthcare,74.75,11,3,26,49,"FOCL,COSM,HSIC,CAH,MCK,COR,YI,MEDS,AHG,HKPD,ACH"
128,Real Estate - Development,Real Estate,74.75,11,12,11,16,"HHH,SKYH,CCS,FOR,AXR,FPH,LRE,LPA,MRNO,OZ,RENX,SDHC,AEI"
129,Utilities - Independent Power Producers,Utilities,74.31,10,9,43,70,"DGXX,KEN,TAC,CEG,VST,TLN,HNRG,NRG,OKLO,ONEN"
130,Recreational Vehicles,Consumer Cyclical,72.83,9,4,1,11,"VEEE,HOG,KNDI,MCFT,LVWR,DOO,BC,PII,MBUU,WGO,THO,LCII,MAMO,PATK,EMPD,EZGO,VMAR"
131,Gambling,Consumer Cyclical,72.58,9,23,56,13,"ROLR,CDRO,MRDN,ACEL,SGHC,RSI,CHDN,BRSL,DKNG,BRAG,FLUT,GRSD,INSE,SEGG"
132,Airports & Air Services,Industrials,72.54,8,1,5,25,"SOAR,CAAP,OMAB,PAC,ASLE,ASR,JOBY,UP"
133,Tobacco,Consumer Defensive,72.41,7,8,4,13,"PM,MO,BTI,AIIR,GNLN,UVV,RLX,ISPR,RYM,TPB,XXII"
134,Education & Training Services,Consumer Defensive,71.72,6,7,9,11,"DAO,YQ,EEIQ,GOTU,TAL,LAUR,EDU,MH,EDTK,CVSA,STRA,FEDU,PRDO,FC,WAFU,XXI,LOPE,APEI,LGCY,LRN,SKIL,AFYA,AACG,LXEH,PXED,AMBO,CHGG,RYET,COUR,MYND,IH,LINC,STG,UTI,YOUL,COE,GNS,KLC,GSUN,FCHL,VSA,KIDZ,JDZG"
135,Uranium,Energy,71.41,6,15,6,90,"UROY,NXE,CCJ,ISOU,DNN,UEC,URG,NUCL,UUUU,LEU,AEC,EU,JAGU"
136,Building Materials,Basic Materials,70.06,5,14,40,38,"CPAC,JHX,USLM,RMIX,LOMA,CX,VMC,TTAM,EXP,MLM,CRH,TGLS,SMID,AMRZ,KNF,CAPS,RETO"
137,Beverages - Wineries & Distilleries,Consumer Defensive,69.84,4,6,2,6,"AGCC,DEO,WVVIP,SNDL,EPSM,MGPI,WVVI,IBG,YHC"
138,Paper & Paper Products,Basic Materials,69.45,4,9,2,2,"CLW,SUZ,SLVM,ITP,MERC"
139,Confectioners,Consumer Defensive,69.08,3,37,3,62,"MDLZ,TR,HSY,RMCF,SOWG"
140,Pollution & Treatment Controls,Industrials,69.06,2,6,28,23,"SCWO,CDZIP,CECO,VLTO,ZWS,CLWT,ADUR,FTEK,CDZI,CLIR,ARQ,ERII,PCTTU,PCT,BCHT,TOMZ,LIQT,RAIN,ZONE"
141,Auto Manufacturers,Consumer Cyclical,62.34,2,2,6,8,"PSNYW,HMC,GM,RACE,F,TM,VFS,LOBO,RIVN,TSLA,GGR,WKHS,CYD,LI,NIU,CENN,LOT,NIO,STLA,XPEV,LCID,FLYE,AIIO,PSNY,SSM,FFAI,DCX"
142,Solar,Technology,59.36,1,0,18,75,"SUNE,SHLS,ENPH,NXT,FSLR,CSIQ,SEDG,BEEM,ASTI,TURB,TOYO,SPRU,RUN,ARRY,JKS,PN,ZEO,TYGO,SMXT,FTCI,SPWR"
143,Mortgage Finance,Financial Services,58.65,0,2,4,18,"IOR,GHI,PAPL,VEL,ONIT,RKT,WD,PFSI,CNF,BLNE,UWMC,LDI,BETR"
144,Pharmaceutical Retailers,Healthcare,52.31,0,0,0,0,"HITI,SCNX,PETS,POM,RDGT"
